timestamp,use_reduction,latent_dim,conv_blocks,filters,kernel_size,n_train,n_test,classifier_epochs,classifier_batch_size,autoencoder_epochs,autoencoder_batch_size,train_seconds,accuracy,balanced_accuracy,kappa,precision,recall,f1,tn,fp,fn,tp
2026-06-03T10:29:55,False,,1,[16],3,700,300,12,32,,,1.4770268999855034,0.9533333333333334,0.953525641025641,0.9065670048051255,0.9452054794520548,0.9583333333333334,0.9517241379310345,148,8,6,138
2026-06-03T10:29:57,False,,1,[16],5,700,300,12,32,,,1.4307755999907386,0.9666666666666667,0.9666132478632479,0.9332264957264957,0.9652777777777778,0.9652777777777778,0.9652777777777778,151,5,5,139
2026-06-03T10:29:59,False,,1,[32],3,700,300,12,32,,,1.6214083999802824,0.9466666666666667,0.9455128205128205,0.892933618843683,0.9705882352941176,0.9166666666666666,0.9428571428571428,152,4,12,132
2026-06-03T10:30:01,False,,1,[32],5,700,300,12,32,,,1.6206240000028629,0.97,0.9698183760683761,0.9398877905423457,0.972027972027972,0.9652777777777778,0.9686411149825784,152,4,5,139
2026-06-03T10:30:03,False,,1,[32],3,700,300,12,32,,,1.557983599981526,0.9633333333333334,0.9636752136752137,0.9266079530290899,0.9523809523809523,0.9722222222222222,0.9621993127147767,149,7,4,140
2026-06-03T10:30:05,False,,1,[32],5,700,300,12,32,,,1.6135780999902636,0.9633333333333334,0.9626068376068375,0.926450922706606,0.9784172661870504,0.9444444444444444,0.9611307420494699,153,3,8,136
2026-06-03T10:30:07,False,,2,"[32, 64]",3,700,300,12,32,,,2.096792900003493,0.97,0.9706196581196582,0.9399839957321953,0.9530201342281879,0.9861111111111112,0.9692832764505119,149,7,2,142
2026-06-03T10:30:10,False,,2,"[32, 64]",5,700,300,12,32,,,2.6339727000158746,0.97,0.9706196581196582,0.9399839957321953,0.9530201342281879,0.9861111111111112,0.9692832764505119,149,7,2,142
2026-06-03T10:30:17,True,2,1,[16],3,700,300,12,32,20,32,1.1691140999901108,0.48333333333333334,0.46474358974358976,-0.07310994184436437,0.0,0.0,0.0,145,11,144,0
2026-06-03T10:30:19,True,2,1,[16],5,700,300,12,32,20,32,1.1844666000106372,0.52,0.5,0.0,0.0,0.0,0.0,156,0,144,0
2026-06-03T10:30:21,True,2,1,[32],3,700,300,12,32,20,32,1.2467633000051137,0.5266666666666666,0.5221688034188035,0.04467168998923565,0.5086206896551724,0.4097222222222222,0.45384615384615384,99,57,85,59
2026-06-03T10:30:22,True,2,1,[32],5,700,300,12,32,20,32,1.1957174999988638,0.5266666666666666,0.5371260683760684,0.07262277951933127,0.5043859649122807,0.7986111111111112,0.6182795698924731,43,113,29,115
2026-06-03T10:30:24,True,2,1,[32],3,700,300,12,32,20,32,1.2450653999985661,0.51,0.4935897435897436,-0.013234077750206907,0.4444444444444444,0.08333333333333333,0.14035087719298245,141,15,132,12
2026-06-03T10:30:26,True,2,1,[32],5,700,300,12,32,20,32,1.2614961999934167,0.53,0.5256410256410257,0.051654560129136495,0.5128205128205128,0.4166666666666667,0.45977011494252873,99,57,84,60
2026-06-03T10:30:28,True,2,2,"[32, 64]",3,700,300,12,32,20,32,1.4755119999754243,0.51,0.5029380341880342,0.0059507708953204785,0.4845360824742268,0.3263888888888889,0.3900414937759336,106,50,97,47
2026-06-03T10:30:30,True,2,2,"[32, 64]",5,700,300,12,32,20,32,1.544703399995342,0.48,0.4703525641025641,-0.06035889070146805,0.4230769230769231,0.22916666666666666,0.2972972972972973,111,45,111,33
2026-06-03T10:30:37,True,4,1,[16],3,700,300,12,32,20,32,1.2055232000129763,0.7166666666666667,0.7142094017094017,0.43014212925717354,0.7286821705426356,0.6527777777777778,0.6886446886446886,121,35,50,94
2026-06-03T10:30:39,True,4,1,[16],5,700,300,12,32,20,32,1.2356118999887258,0.7133333333333334,0.7077991452991452,0.41985968699406373,0.7735849056603774,0.5694444444444444,0.656,132,24,62,82
2026-06-03T10:30:40,True,4,1,[32],3,700,300,12,32,20,32,1.2563401999941561,0.6966666666666667,0.6888354700854701,0.38330170777988615,0.797752808988764,0.4930555555555556,0.6094420600858369,138,18,73,71
2026-06-03T10:30:42,True,4,1,[32],5,700,300,12,32,20,32,1.2669170000008307,0.6866666666666666,0.6800213675213675,0.36452136289886417,0.7551020408163265,0.5138888888888888,0.6115702479338843,132,24,70,74
2026-06-03T10:30:44,True,4,1,[32],3,700,300,12,32,20,32,1.2305998000083491,0.6966666666666667,0.6971153846153846,0.3934950679818715,0.6754966887417219,0.7083333333333334,0.6915254237288135,107,49,42,102
2026-06-03T10:30:45,True,4,1,[32],5,700,300,12,32,20,32,1.250396899995394,0.71,0.7088675213675214,0.41829366140679325,0.7050359712230215,0.6805555555555556,0.6925795053003534,115,41,46,98
2026-06-03T10:30:47,True,4,2,"[32, 64]",3,700,300,12,32,20,32,1.477275599987479,0.7133333333333334,0.7147435897435898,0.42788717402873866,0.6835443037974683,0.75,0.7152317880794702,106,50,36,108
2026-06-03T10:30:49,True,4,2,"[32, 64]",5,700,300,12,32,20,32,1.6047404000128154,0.72,0.7160790598290598,0.4351802044109736,0.7542372881355932,0.6180555555555556,0.6793893129770993,127,29,55,89
2026-06-03T10:30:57,True,8,1,[16],3,700,300,12,32,20,32,1.283658500004094,0.7466666666666667,0.7521367521367521,0.49841605068637806,0.6808510638297872,0.8888888888888888,0.7710843373493976,96,60,16,128
2026-06-03T10:30:59,True,8,1,[16],5,700,300,12,32,20,32,1.201884499983862,0.7266666666666667,0.7291666666666666,0.4556558682952735,0.6867469879518072,0.7916666666666666,0.7354838709677419,104,52,30,114
2026-06-03T10:31:00,True,8,1,[32],3,700,300,12,32,20,32,1.2504222000134178,0.7433333333333333,0.7478632478632479,0.4908754297804814,0.6850828729281768,0.8611111111111112,0.7630769230769231,99,57,20,124
2026-06-03T10:31:02,True,8,1,[32],5,700,300,12,32,20,32,1.2401289000117686,0.7466666666666667,0.7465277777777778,0.49279231179925254,0.7328767123287672,0.7430555555555556,0.7379310344827587,117,39,37,107
2026-06-03T10:31:04,True,8,1,[32],3,700,300,12,32,20,32,1.294960799976252,0.76,0.764155982905983,0.5235574377977766,0.702247191011236,0.8680555555555556,0.7763975155279503,103,53,19,125
2026-06-03T10:31:06,True,8,1,[32],5,700,300,12,32,20,32,1.2999094999977387,0.71,0.7029914529914529,0.4113667117726658,0.8,0.5277777777777778,0.6359832635983264,137,19,68,76
2026-06-03T10:31:08,True,8,2,"[32, 64]",3,700,300,12,32,20,32,1.4840993999969214,0.75,0.7556089743589745,0.5051464766429137,0.6825396825396826,0.8958333333333334,0.7747747747747747,96,60,15,129
2026-06-03T10:31:10,True,8,2,"[32, 64]",5,700,300,12,32,20,32,1.661001500004204,0.7166666666666667,0.7104700854700855,0.4258308565252634,0.7920792079207921,0.5555555555555556,0.6530612244897959,135,21,64,80
2026-06-03T10:31:22,False,,1,[16],3,700,300,12,32,,,1.4568581999919843,0.9633333333333334,0.9642094017094017,0.9266862170087976,0.9403973509933775,0.9861111111111112,0.9627118644067797,147,9,2,142
2026-06-03T10:31:23,False,,1,[16],5,700,300,12,32,,,1.4191960000025574,0.9666666666666667,0.9668803418803419,0.9332621462893753,0.958904109589041,0.9722222222222222,0.9655172413793104,150,6,4,140
2026-06-03T10:31:25,False,,1,[32],3,700,300,12,32,,,1.5787648000114132,0.9533333333333334,0.9532585470085471,0.906517094017094,0.9513888888888888,0.9513888888888888,0.9513888888888888,149,7,7,137
2026-06-03T10:31:27,False,,1,[32],5,700,300,12,32,,,1.607764499989571,0.9666666666666667,0.9663461538461539,0.9331908070550508,0.971830985915493,0.9583333333333334,0.965034965034965,152,4,6,138
2026-06-03T10:31:29,False,,1,[32],3,700,300,12,32,,,1.5478402000153437,0.9266666666666666,0.9246794871794872,0.8525469168900804,0.9692307692307692,0.875,0.9197080291970803,152,4,18,126
2026-06-03T10:31:31,False,,1,[32],5,700,300,12,32,,,1.5977426000172272,0.97,0.9700854700854701,0.9399198931909212,0.9655172413793104,0.9722222222222222,0.9688581314878892,151,5,4,140
2026-06-03T10:31:34,False,,2,"[32, 64]",3,700,300,12,32,,,2.0590284999925643,0.9533333333333334,0.9524572649572649,0.9063670411985019,0.9710144927536232,0.9305555555555556,0.950354609929078,152,4,10,134
2026-06-03T10:31:37,False,,2,"[32, 64]",5,700,300,12,32,,,2.5390927999978885,0.9666666666666667,0.9666132478632479,0.9332264957264957,0.9652777777777778,0.9652777777777778,0.9652777777777778,151,5,5,139
2026-06-03T10:31:44,True,2,1,[16],3,700,300,12,32,20,32,1.1991310000012163,0.55,0.5518162393162394,0.10310922136593148,0.5276073619631901,0.5972222222222222,0.5602605863192183,79,77,58,86
2026-06-03T10:31:46,True,2,1,[16],5,700,300,12,32,20,32,1.2321939000103157,0.5433333333333333,0.5422008547008547,0.0844693932103715,0.524822695035461,0.5138888888888888,0.519298245614035,89,67,70,74
2026-06-03T10:31:47,True,2,1,[32],3,700,300,12,32,20,32,1.2531375999969896,0.53,0.5213675213675214,0.04341926729986434,0.5176470588235295,0.3055555555555556,0.38427947598253276,115,41,100,44
2026-06-03T10:31:49,True,2,1,[32],5,700,300,12,32,20,32,1.2043565000058152,0.54,0.5413995726495726,0.08244680851063835,0.51875,0.5763888888888888,0.5460526315789473,79,77,61,83
2026-06-03T10:31:51,True,2,1,[32],3,700,300,12,32,20,32,1.1975292999995872,0.59,0.5827991452991452,0.1677943166441137,0.6105263157894737,0.4027777777777778,0.48535564853556484,119,37,86,58
2026-06-03T10:31:52,True,2,1,[32],5,700,300,12,32,20,32,1.2316456999978982,0.54,0.5427350427350428,0.08488063660477463,0.5176470588235295,0.6111111111111112,0.5605095541401274,74,82,56,88
2026-06-03T10:31:54,True,2,2,"[32, 64]",3,700,300,12,32,20,32,1.4925052999751642,0.55,0.5440705128205128,0.08906882591093113,0.5428571428571428,0.3958333333333333,0.4578313253012048,108,48,87,57
2026-06-03T10:31:56,True,2,2,"[32, 64]",5,700,300,12,32,20,32,1.5610025000059977,0.54,0.5440705128205128,0.08730158730158721,0.5166666666666667,0.6458333333333334,0.5740740740740741,69,87,51,93
2026-06-03T10:32:04,True,4,1,[16],3,700,300,12,32,20,32,1.2237854000122752,0.6466666666666666,0.6346153846153846,0.2755604155276107,0.8275862068965517,0.3333333333333333,0.4752475247524752,146,10,96,48
2026-06-03T10:32:05,True,4,1,[16],5,700,300,12,32,20,32,1.2147072000079788,0.6633333333333333,0.6597222222222222,0.32141897339424885,0.6776859504132231,0.5694444444444444,0.6188679245283019,117,39,62,82
2026-06-03T10:32:07,True,4,1,[32],3,700,300,12,32,20,32,1.218764099990949,0.64,0.6431623931623931,0.2841993637327678,0.6046511627906976,0.7222222222222222,0.6582278481012658,88,68,40,104
2026-06-03T10:32:09,True,4,1,[32],5,700,300,12,32,20,32,1.2005002000078093,0.5733333333333334,0.5825320512820513,0.1618648507071765,0.536697247706422,0.8125,0.6464088397790055,55,101,27,117
2026-06-03T10:32:10,True,4,1,[32],3,700,300,12,32,20,32,1.1899619000032544,0.6033333333333334,0.610309829059829,0.21731123388581952,0.5621890547263682,0.7847222222222222,0.6550724637681159,68,88,31,113
2026-06-03T10:32:12,True,4,1,[32],5,700,300,12,32,20,32,1.2122066000010818,0.55,0.53125,0.0648379052369078,1.0,0.0625,0.11764705882352941,156,0,135,9
2026-06-03T10:32:14,True,4,2,"[32, 64]",3,700,300,12,32,20,32,1.4481459000089671,0.5866666666666667,0.5956196581196581,0.18763102725366865,0.5462962962962963,0.8194444444444444,0.6555555555555556,58,98,26,118
2026-06-03T10:32:16,True,4,2,"[32, 64]",5,700,300,12,32,20,32,1.5276585999818053,0.6433333333333333,0.6367521367521367,0.2768315761016491,0.6868686868686869,0.4722222222222222,0.5596707818930041,125,31,76,68
2026-06-03T10:32:23,True,8,1,[16],3,700,300,12,32,20,32,1.1732558999792673,0.74,0.7406517094017093,0.48027718550106613,0.7171052631578947,0.7569444444444444,0.7364864864864865,113,43,35,109
2026-06-03T10:32:25,True,8,1,[16],5,700,300,12,32,20,32,1.204723400005605,0.7366666666666667,0.7329059829059829,0.4689432643183651,0.773109243697479,0.6388888888888888,0.6996197718631179,129,27,52,92
2026-06-03T10:32:26,True,8,1,[32],3,700,300,12,32,20,32,1.2059160999779124,0.7366666666666667,0.7345085470085471,0.47065129991959265,0.7480916030534351,0.6805555555555556,0.7127272727272728,123,33,46,98
2026-06-03T10:32:28,True,8,1,[32],5,700,300,12,32,20,32,1.186840000009397,0.7,0.7077991452991452,0.4088281660535996,0.6310679611650486,0.9027777777777778,0.7428571428571429,80,76,14,130
2026-06-03T10:32:30,True,8,1,[32],3,700,300,12,32,20,32,1.1711892999883275,0.74,0.7390491452991452,0.4786096256684492,0.7357142857142858,0.7152777777777778,0.7253521126760564,119,37,41,103
2026-06-03T10:32:32,True,8,1,[32],5,700,300,12,32,20,32,1.1883680000028107,0.71,0.7043269230769231,0.41295546558704443,0.7714285714285715,0.5625,0.6506024096385542,132,24,63,81
2026-06-03T10:32:34,True,8,2,"[32, 64]",3,700,300,12,32,20,32,1.460217299987562,0.75,0.7526709401709402,0.5022564374834086,0.7065868263473054,0.8194444444444444,0.7588424437299035,107,49,26,118
2026-06-03T10:32:36,True,8,2,"[32, 64]",5,700,300,12,32,20,32,1.541796500008786,0.7566666666666667,0.7596153846153846,0.5157866808171929,0.7100591715976331,0.8333333333333334,0.7667731629392971,107,49,24,120
2026-06-03T10:32:45,False,,1,[16],3,700,300,12,32,,,1.4421232000167947,0.9566666666666667,0.9569978632478633,0.9132639444889245,0.9455782312925171,0.9652777777777778,0.9553264604810997,148,8,5,139
2026-06-03T10:32:47,False,,1,[16],5,700,300,12,32,,,1.411314199998742,0.9566666666666667,0.9561965811965811,0.913124832932371,0.9645390070921985,0.9444444444444444,0.9543859649122807,151,5,8,136
2026-06-03T10:32:49,False,,1,[32],3,700,300,12,32,,,1.5921303000068292,0.9333333333333333,0.9318910256410257,0.8660953401178362,0.9626865671641791,0.8958333333333334,0.9280575539568345,151,5,15,129
2026-06-03T10:32:51,False,,1,[32],5,700,300,12,32,,,1.6928329000074882,0.9666666666666667,0.9668803418803419,0.9332621462893753,0.958904109589041,0.9722222222222222,0.9655172413793104,150,6,4,140
2026-06-03T10:32:53,False,,1,[32],3,700,300,12,32,,,1.769192000007024,0.96,0.9607371794871795,0.92,0.94,0.9791666666666666,0.9591836734693877,147,9,3,141
2026-06-03T10:32:56,False,,1,[32],5,700,300,12,32,,,1.8887236999871675,0.9733333333333334,0.9735576923076923,0.9466097170315003,0.9657534246575342,0.9791666666666666,0.9724137931034482,151,5,3,141
2026-06-03T10:32:58,False,,2,"[32, 64]",3,700,300,12,32,,,2.0891019999980927,0.9533333333333334,0.9524572649572649,0.9063670411985019,0.9710144927536232,0.9305555555555556,0.950354609929078,152,4,10,134
2026-06-03T10:33:01,False,,2,"[32, 64]",5,700,300,12,32,,,2.5387718999991193,0.97,0.9706196581196582,0.9399839957321953,0.9530201342281879,0.9861111111111112,0.9692832764505119,149,7,2,142
2026-06-03T10:33:08,True,2,1,[16],3,700,300,12,32,20,32,1.229055600007996,0.5533333333333333,0.5592948717948718,0.11702688455455978,0.5257731958762887,0.7083333333333334,0.6035502958579881,64,92,42,102
2026-06-03T10:33:10,True,2,1,[16],5,700,300,12,32,20,32,1.2228759000136051,0.5966666666666667,0.5908119658119658,0.18353576248313086,0.6095238095238096,0.4444444444444444,0.5140562248995983,115,41,80,64
2026-06-03T10:33:12,True,2,1,[32],3,700,300,12,32,20,32,1.2379232000093907,0.5466666666666666,0.5515491452991453,0.10195456946645531,0.521505376344086,0.6736111111111112,0.5878787878787879,67,89,47,97
2026-06-03T10:33:13,True,2,1,[32],5,700,300,12,32,20,32,1.2528435999993235,0.56,0.5667735042735043,0.13157894736842102,0.53,0.7361111111111112,0.6162790697674418,62,94,38,106
2026-06-03T10:33:15,True,2,1,[32],3,700,300,12,32,20,32,1.2414086000062525,0.5833333333333334,0.5897435897435898,0.17698182775875693,0.5482233502538071,0.75,0.6334310850439883,67,89,36,108
2026-06-03T10:33:17,True,2,1,[32],5,700,300,12,32,20,32,1.2444805999984965,0.56,0.5649038461538461,0.1283676703645008,0.532258064516129,0.6875,0.6,69,87,45,99
2026-06-03T10:33:19,True,2,2,"[32, 64]",3,700,300,12,32,20,32,1.5205071000091266,0.5533333333333333,0.5625,0.12257726558407545,0.5229357798165137,0.7916666666666666,0.6298342541436464,52,104,30,114
2026-06-03T10:33:21,True,2,2,"[32, 64]",5,700,300,12,32,20,32,1.586347200005548,0.5466666666666666,0.5502136752136753,0.09957627118644063,0.5227272727272727,0.6388888888888888,0.575,72,84,52,92
2026-06-03T10:33:28,True,4,1,[16],3,700,300,12,32,20,32,1.2404796999762766,0.6733333333333333,0.6741452991452992,0.34736281299946725,0.6493506493506493,0.6944444444444444,0.6711409395973155,102,54,44,100
2026-06-03T10:33:30,True,4,1,[16],5,700,300,12,32,20,32,1.2139685000001919,0.6833333333333333,0.6752136752136753,0.35584486032004337,0.7816091954022989,0.4722222222222222,0.5887445887445888,137,19,76,68
2026-06-03T10:33:31,True,4,1,[32],3,700,300,12,32,20,32,1.2073731000127736,0.6433333333333333,0.6412927350427351,0.28341816233592276,0.6390977443609023,0.5902777777777778,0.6137184115523465,108,48,59,85
2026-06-03T10:33:33,True,4,1,[32],5,700,300,12,32,20,32,1.2411387999891303,0.6433333333333333,0.6447649572649572,0.2883745677041767,0.6163522012578616,0.6805555555555556,0.6468646864686468,95,61,46,98
2026-06-03T10:33:35,True,4,1,[32],3,700,300,12,32,20,32,1.2618209999927785,0.6133333333333333,0.6092414529914529,0.2200107584722969,0.6186440677966102,0.5069444444444444,0.5572519083969466,111,45,71,73
2026-06-03T10:33:36,True,4,1,[32],5,700,300,12,32,20,32,1.2855538000003435,0.6333333333333333,0.6306089743589743,0.2623390557939914,0.6328125,0.5625,0.5955882352941176,109,47,63,81
2026-06-03T10:33:38,True,4,2,"[32, 64]",3,700,300,12,32,20,32,1.5517605999775697,0.6366666666666667,0.642094017094017,0.2808128793877013,0.5925925925925926,0.7777777777777778,0.6726726726726727,79,77,32,112
2026-06-03T10:33:41,True,4,2,"[32, 64]",5,700,300,12,32,20,32,1.5640293999749701,0.6066666666666667,0.6145833333333334,0.22531512605042014,0.5625,0.8125,0.6647727272727273,65,91,27,117
2026-06-03T10:33:48,True,8,1,[16],3,700,300,12,32,20,32,1.2817590000049677,0.67,0.6808226495726495,0.35361713241055104,0.5982532751091703,0.9513888888888888,0.7345844504021448,64,92,7,137
2026-06-03T10:33:50,True,8,1,[16],5,700,300,12,32,20,32,1.3635817999893334,0.7133333333333334,0.7067307692307692,0.41860465116279066,0.7959183673469388,0.5416666666666666,0.6446280991735537,136,20,66,78
2026-06-03T10:33:52,True,8,1,[32],3,700,300,12,32,20,32,1.2178237000189256,0.7533333333333333,0.7534722222222222,0.5064034151547492,0.7364864864864865,0.7569444444444444,0.7465753424657534,117,39,35,109
2026-06-03T10:33:53,True,8,1,[32],5,700,300,12,32,20,32,1.237691900023492,0.7333333333333333,0.733440170940171,0.46638207043756663,0.7162162162162162,0.7361111111111112,0.726027397260274,114,42,38,106
2026-06-03T10:33:55,True,8,1,[32],3,700,300,12,32,20,32,1.2283235999930184,0.6966666666666667,0.6899038461538461,0.384636191506627,0.7731958762886598,0.5208333333333334,0.6224066390041494,134,22,69,75
2026-06-03T10:33:57,True,8,1,[32],5,700,300,12,32,20,32,1.227186999982223,0.7233333333333334,0.7176816239316239,0.43994601889338725,0.7904761904761904,0.5763888888888888,0.6666666666666666,134,22,61,83
2026-06-03T10:33:59,True,8,2,"[32, 64]",3,700,300,12,32,20,32,1.4995587000157684,0.7366666666666667,0.7390491452991453,0.4754316069057105,0.696969696969697,0.7986111111111112,0.7443365695792881,106,50,29,115
2026-06-03T10:34:01,True,8,2,"[32, 64]",5,700,300,12,32,20,32,1.5855560000054538,0.76,0.7622863247863247,0.5217853347502657,0.7195121951219512,0.8194444444444444,0.7662337662337663,110,46,26,118
2026-06-03T10:34:24,False,,1,[16],3,700,300,12,32,,,1.474110200011637,0.9633333333333334,0.9642094017094017,0.9266862170087976,0.9403973509933775,0.9861111111111112,0.9627118644067797,147,9,2,142
2026-06-03T10:34:26,False,,1,[16],5,700,300,12,32,,,1.4402989000082016,0.95,0.9492521367521367,0.8997058036908264,0.9640287769784173,0.9305555555555556,0.9469964664310954,151,5,10,134
2026-06-03T10:34:28,False,,1,[32],3,700,300,12,32,,,1.6094150000135414,0.9533333333333334,0.9537927350427351,0.9066168623265741,0.9391891891891891,0.9652777777777778,0.952054794520548,147,9,5,139
2026-06-03T10:34:30,False,,1,[32],5,700,300,12,32,,,1.6160082000133116,0.97,0.9700854700854701,0.9399198931909212,0.9655172413793104,0.9722222222222222,0.9688581314878892,151,5,4,140
2026-06-03T10:34:32,False,,1,[32],3,700,300,12,32,,,1.5538401000085287,0.9566666666666667,0.9564636752136753,0.9131712530056104,0.958041958041958,0.9513888888888888,0.9547038327526133,150,6,7,137
2026-06-03T10:34:34,False,,1,[32],5,700,300,12,32,,,1.6041772000025958,0.97,0.9703525641025641,0.9399519615692554,0.9591836734693877,0.9791666666666666,0.9690721649484536,150,6,3,141
2026-06-03T10:34:36,False,,2,"[32, 64]",3,700,300,12,32,,,2.064674900000682,0.9533333333333334,0.952190170940171,0.9063169164882227,0.9779411764705882,0.9236111111111112,0.95,153,3,11,133
2026-06-03T10:34:39,False,,2,"[32, 64]",5,700,300,12,32,,,2.536036800011061,0.9666666666666667,0.9674145299145299,0.9333333333333333,0.9466666666666667,0.9861111111111112,0.9659863945578231,148,8,2,142
2026-06-03T10:34:47,True,2,1,[16],3,700,300,12,32,20,32,1.2168145999894477,0.5733333333333334,0.5694444444444444,0.13978494623655924,0.5666666666666667,0.4722222222222222,0.5151515151515151,104,52,76,68
2026-06-03T10:34:48,True,2,1,[16],5,700,300,12,32,20,32,1.2344840000150725,0.5366666666666666,0.5202991452991453,0.04190791287565465,0.5925925925925926,0.1111111111111111,0.1871345029239766,145,11,128,16
2026-06-03T10:34:50,True,2,1,[32],3,700,300,12,32,20,32,1.2518357999797445,0.5533333333333333,0.5408653846153846,0.08369803063457337,0.5892857142857143,0.22916666666666666,0.33,133,23,111,33
2026-06-03T10:34:52,True,2,1,[32],5,700,300,12,32,20,32,1.1974686000030488,0.5533333333333333,0.5422008547008547,0.08619749045280956,0.5757575757575758,0.2638888888888889,0.3619047619047619,128,28,106,38
2026-06-03T10:34:53,True,2,1,[32],3,700,300,12,32,20,32,1.207809499988798,0.5,0.5034722222222222,0.0068855932203388814,0.48295454545454547,0.5902777777777778,0.53125,65,91,59,85
2026-06-03T10:34:55,True,2,1,[32],5,700,300,12,32,20,32,1.255818100005854,0.53,0.5211004273504274,0.042899809937550826,0.5180722891566265,0.2986111111111111,0.3788546255506608,116,40,101,43
2026-06-03T10:34:57,True,2,2,"[32, 64]",3,700,300,12,32,20,32,1.4512152000097558,0.5366666666666666,0.5283119658119658,0.05749932194195817,0.5287356321839081,0.3194444444444444,0.39826839826839827,115,41,98,46
2026-06-03T10:34:59,True,2,2,"[32, 64]",5,700,300,12,32,20,32,1.5803163000091445,0.54,0.5539529914529915,0.10482615464452527,0.5118110236220472,0.9027777777777778,0.6532663316582915,32,124,14,130
2026-06-03T10:35:06,True,4,1,[16],3,700,300,12,32,20,32,1.21865299998899,0.6666666666666666,0.6589209401709402,0.3224932249322493,0.7444444444444445,0.4652777777777778,0.5726495726495726,133,23,77,67
2026-06-03T10:35:08,True,4,1,[16],5,700,300,12,32,20,32,1.2360054000164382,0.6,0.6084401709401709,0.21301154249737664,0.5566037735849056,0.8194444444444444,0.6629213483146067,62,94,26,118
2026-06-03T10:35:09,True,4,1,[32],3,700,300,12,32,20,32,1.220064099994488,0.63,0.6212606837606838,0.24653814824871023,0.6987951807228916,0.4027777777777778,0.5110132158590308,131,25,86,58
2026-06-03T10:35:11,True,4,1,[32],5,700,300,12,32,20,32,1.2136543999949936,0.67,0.6607905982905984,0.3272628431639032,0.7848101265822784,0.4305555555555556,0.5560538116591929,139,17,82,62
2026-06-03T10:35:13,True,4,1,[32],3,700,300,12,32,20,32,1.2469376999943051,0.5933333333333334,0.6020299145299145,0.20031463030938645,0.5514018691588785,0.8194444444444444,0.659217877094972,60,96,26,118
2026-06-03T10:35:14,True,4,1,[32],5,700,300,12,32,20,32,1.2495885000098497,0.6566666666666666,0.6541132478632479,0.3094663448645749,0.6589147286821705,0.5902777777777778,0.6227106227106227,112,44,59,85
2026-06-03T10:35:16,True,4,2,"[32, 64]",3,700,300,12,32,20,32,1.478846199985128,0.64,0.6434294871794872,0.28457869634340227,0.603448275862069,0.7291666666666666,0.660377358490566,87,69,39,105
2026-06-03T10:35:18,True,4,2,"[32, 64]",5,700,300,12,32,20,32,1.5670644999772776,0.48,0.4983974358974359,-0.0030864197530864335,0.4791666666666667,0.9583333333333334,0.6388888888888888,6,150,6,138
2026-06-03T10:35:26,True,8,1,[16],3,700,300,12,32,20,32,1.2659798999957275,0.76,0.7588141025641025,0.5184590690208668,0.7608695652173914,0.7291666666666666,0.7446808510638298,123,33,39,105
2026-06-03T10:35:27,True,8,1,[16],5,700,300,12,32,20,32,1.2519774999818765,0.72,0.7227564102564102,0.4426751592356688,0.6785714285714286,0.7916666666666666,0.7307692307692307,102,54,30,114
2026-06-03T10:35:29,True,8,1,[32],3,700,300,12,32,20,32,1.240363899996737,0.74,0.7422542735042735,0.4819341126461212,0.7012195121951219,0.7986111111111112,0.7467532467532467,107,49,29,115
2026-06-03T10:35:31,True,8,1,[32],5,700,300,12,32,20,32,1.2549339999968652,0.74,0.7417200854700854,0.4813829787234043,0.70625,0.7847222222222222,0.743421052631579,109,47,31,113
2026-06-03T10:35:33,True,8,1,[32],3,700,300,12,32,20,32,1.2733632999879774,0.7333333333333333,0.733974358974359,0.4669509594882729,0.7105263157894737,0.75,0.7297297297297297,112,44,36,108
2026-06-03T10:35:34,True,8,1,[32],5,700,300,12,32,20,32,1.2497251000022516,0.76,0.7596153846153846,0.5192307692307692,0.75,0.75,0.75,120,36,36,108
2026-06-03T10:35:36,True,8,2,"[32, 64]",3,700,300,12,32,20,32,1.5026502000109758,0.7433333333333333,0.7443910256410257,0.4873501997336884,0.7161290322580646,0.7708333333333334,0.7424749163879598,112,44,33,111
2026-06-03T10:35:39,True,8,2,"[32, 64]",5,700,300,12,32,20,32,1.5711504000064451,0.71,0.7051282051282051,0.4139046079223929,0.7567567567567568,0.5833333333333334,0.6588235294117647,129,27,60,84
